Account address,Show boosts,Notify on new posts,Languages
@elamin@mstdn.ca,,,
@ArmanBaz@mstdn.ca,,,
@michelleallan@mas.to,,,
@drewanderson@mstdn.ca,,,
@JeremyAppel@c.im,,,
@stephaniebabych@mstdn.ca,,,
@MBellefontaine@mstdn.ca,,,
@akkabah@journa.host,,,
@Laurby@mstdn.ca,,,
@alexboyd@journa.host,,,
@DaveBreakenridge@mastodon.social,,,
@LauraBrougham@canada.masto.host,,,
@amandacconn@mstdn.social,,,
@pennydaflos@mstdn.social,,,
@mikedesouza@c.im,,,
@MikeDeal@mstdn.social,,,
@aderfel@mas.to,,,
@marcellodicintio@newsie.social,,,
@mickeydjuric@mstdn.ca,,,
@sabaeitizaz@journa.host,,,
@charelle@mstdn.ca,,,
@maxfawcett@mastodon.social,,,
@robsonfletcher@mas.to,,,
@afh@mstdn.ca,,,
@mauraforrest@mas.to,,,
@Cfrangou@mstdn.social,,,
@jantafrench@mstdn.ca,,,
@keithgerein@mstdn.ca,,,
@atRachelGilmore@newsie.social,,,
@ximenaka@mastodon.online,,,
@CGriwkowsky@mastodon.online,,,
@evaholland@newsie.social,,,
@tegwynhughes@mstdn.social,,,
@wickdchiq@mastodon.online,,,
@jago@mastodon.online,,,
@JunkerAnna@mstdn.ca,,,
@klaszus@mstdn.ca,,,
@akurjata@mstdn.ca,,,
@lambert@mastodon.online,,,
@llebrun@mastodon.social,,,
@justinling@mastodon.online,,,
@lorinc@mastodon.sdf.org,,,
@Rachel_Maclean@journa.host,,,
@AndrewMacLeod@newsie.social,,,
@StephenMaher@mas.to,,,
@KyraMarkov@mstdn.ca,,,
@Doubleemmartin@mastodon.social,,,
@kmk@lor.sh,,,
@David_Moscrop@mastodon.online,,,
@OmarM@socel.net,,,
@garthmullins@mastodon.social,,,
@chelseanash@mastodon.online,,,
@jessica@mstdn.ca,,,
@KadyO@mastodon.social,,,
@olapalooza@zirk.us,,,
@picardonhealth@med-mastodon.com,,,
@TimQuerengesser@mastodon.online,,,
@withfilesfrom@mastodon.online,,,
@robroc@mas.to,,,
@michaelrdrguez@mstdn.ca,,,
@TommySlick@mstdn.ca,,,
@rosasaba@mstdn.ca,,,
@kateschneider@mastodon.social,,,
@maryamshah@mstdn.social,,,
@jeremysimes@mstdn.ca,,,
@alannasmith@mstdn.ca,,,
@meksmith@mstdn.ca,,,
@TabathaSouthey@mastodon.social,,,
@jenstden@journa.host,,,
@jwsthomson@masthead.social,,,
@aryntoombs@mastodon.online,,,
@ozhibiiige@mastodon.online,,,
@TuThanhHa@mastodon.world,,,
@zakvescera@mstdn.ca,,,
@davewaddell@mstdn.social,,,
@jonwoodward@mastodon.online,,,
@moirawyton@mstdn.ca,,,
@ReporterTeresa@mas.to,,,
@IJFmedia@mstdn.social,,,
@thenarwhal@mstdn.ca,,,
@pressprogress@mastodon.online,,,
@sprawlcalgary@mstdn.ca,,,
@thetyee@mstdn.ca,,,
